[{"model": "portefolio_app.licenciatura", "pk": 1, "fields": {"nome": "Licenciatura em Engenharia Informática", "codigo": 260, "instituicao": "Universidade Lusófona", "descricao": "Ás vezes um gah, um gah memo 🥀", "duracao_anos": 3, "data_inicio": "2024-09-16", "lic_link": "https://www.ulusofona.pt/lisboa/licenciaturas/engenharia-informatica"}}, {"model": "portefolio_app.docente", "pk": 1, "fields": {"nome": "Berend Willem Martijn Kuipers", "email": "martijn.kuipers@ulusofona.pt", "pagina_pessoal": "https://pt.linkedin.com/in/martijn-kuipers-50799352", "foto": "docentes/UserThumb_mwbTJ9I.jfif"}}, {"model": "portefolio_app.docente", "pk": 2, "fields": {"nome": "Pedro Hugo De Queirós Alves", "email": "pedro.alves@ulusofona.pt", "pagina_pessoal": "https://github.com/palves-ulht", "foto": "docentes/Pedro_Alves.jfif"}}, {"model": "portefolio_app.unidadecurricular", "pk": 97, "fields": {"nome": "Matemática I", "codigo": "ULHT260-1-PT", "licenciatura": 1, "ano": 1, "semestre": 1, "ects": 6, "descricao": "Esta disciplina abrange os métodos fundamentais de Cálculo associados a funções reais de variável real. É uma área transversal a todas as engenharias e demais cursos de cariz científico. Abrange os métodos clássicos de cálculo diferencial e Integral a uma dimensão. \n", "imagem": "", "docentes": []}}, {"model": "portefolio_app.unidadecurricular", "pk": 103, "fields": {"nome": "Programação Web", "codigo": "ULHT260-11195-PT", "licenciatura": 1, "ano": 2, "semestre": 1, "ects": 6, "descricao": "Esta Unidade Curricular pretende dar formação na área da programação Web em geral, e em particular no desenvolvimento de aplicações Web back-end e front-end, providenciando uma visão global do desenvolvimento moderno para a Web. No front-end, são introduzidos conceitos de estruturação, estilização e interação de conteúdos através das linguagens HTML, CSS e JavaScript, in. No back-end, é ensinado o desenvolvimento de aplicações empresariais seguindo o padrão de desenho model-view-control, recorrendo à linguagem Python e a Web framework django. Pretende-se estimular a criatividade e imaginação no desenvolvimento de aplicações inovadoras que sejam eficientes, escaláveis e fáceis de modificar por um lado, e que ofereçam uma boa experiência para o utilizador. Esta é uma UC fundamental para qualquer profissional da área da informática, pois fornece um conjunto de conhecimentos e ferramentas que serão essenciais em projetos empresariais em que virão a estar inseridos.\n", "imagem": "", "docentes": []}}, {"model": "portefolio_app.unidadecurricular", "pk": 105, "fields": {"nome": "Algoritmia e Estruturas de Dados", "codigo": "ULHT260-13397-PT", "licenciatura": 1, "ano": 1, "semestre": 1, "ects": 6, "descricao": "Esta UC surge no 2º semestre do 1º ano, na continuação do trabalho iniciado em Fundamentos de Programação (FP). Em FP, os alunos deram os primeiros passos na programação e preocuparam-se principalmente em produzir programas correctos. Agora, em Algoritmia e Estruturas de Dados, irão continuar a produzir programas correctos mas com preocupações de desempenho, a nível de tempo de execução e consumo de memória.\r\n\r\nEsta é uma UC fundamental no currículo de um Engenheiro Informático, que na sua vida profissional encontrará inúmeras situações em que terá que resolver problemas causados por fraco desempenho das aplicações e que exigem um conhecimento sólido dos princípios subjacentes aos principais algoritmos e estruturas de dados.\r\n\r\nNão obstante a aprendizagem de conceitos e técnicas de algoritmia e estruturas de dados, os alunos trabalham outras competências fundamentais. Nomeadamente, o espírito crítico e a capacidade de avaliar várias alternativas para resolver os problemas.", "imagem": "", "docentes": [2]}}, {"model": "portefolio_app.unidadecurricular", "pk": 107, "fields": {"nome": "Arquiteturas Avançadas de Computadores", "codigo": "ULHT260-13398-PT", "licenciatura": 1, "ano": 2, "semestre": 1, "ects": 5, "descricao": "Esta unidade curricular vem completar os conhecimentos adquiridos anteriormente nas UCs de Sistemas Digitais e Arquitectura de Computadores, abordando temas mais actuais e conceitos de mais alto nível. A compreensão destes conceitos avançados de arquitectura de computadores faz com que os alunos tomem consciencia das limitações e possibilidades do hardware. Consequentemente poderão criar programas mais eficientes, capazes de tirar partido das capacidades do hardware e que tenham em conta as eventuais limitações deste.", "imagem": "", "docentes": [1]}}, {"model": "portefolio_app.unidadecurricular", "pk": 109, "fields": {"nome": "Matemática Discreta", "codigo": "ULHT260-1656-PT", "licenciatura": 1, "ano": 1, "semestre": 1, "ects": 6, "descricao": "Na UC de Matemática Discreta pretende-se contribuir para a aquisição de um conjunto de competências nos alunos: capacidade de assimilar informação e de a comunicar; capacidade de expressão escrita; capacidade de expressão oral e capacidade de raciocínio matemático. Para tal, serão estudados conceitos de lógica matemática, teoria de conjuntos, teoria de números e teoria da computação.\n", "imagem": "", "docentes": []}}, {"model": "portefolio_app.unidadecurricular", "pk": 113, "fields": {"nome": "Competências Comportamentais", "codigo": "ULHT260-17267-PT", "licenciatura": 1, "ano": 1, "semestre": 1, "ects": 4, "descricao": "Esta unidade curricular (UC) inscreve-se num contexto onde têm sido elencadas necessidades de adaptação dos especialistas em informática ao contexto das organizações, nomeadamente no que às denominadas soft skills diz respeito. Assim, pretende-se que os alunos desenvolvam conhecimentos ao nível das ferramentas básicas de empregabilidade (ex. Currículo, redes sociais e networking, marketing pessoal), gestão das emoções, gestão de tempo (ex. trabalho remoto), trabalho em equipa e liderança, comunicação e desenvolvimento de competências comportamentais e autoconhecimento. Por outro lado, é objetivo desta UC o desenvolvimento de um plano individual de desenvolvimento pessoal, bem como de aptidões que permitam aos alunos destingir entre factos e opiniões, conhecimento científico e senso comum. Sendo uma UC de índole prática, pretende-se que os conhecimentos sejam operacionalizáveis e tendentes ao desenvolvimento de competências transferíveis do plano académico para a domínio profissional.\n", "imagem": "", "docentes": []}}, {"model": "portefolio_app.unidadecurricular", "pk": 115, "fields": {"nome": "Bases de Dados", "codigo": "ULHT260-1792-PT", "licenciatura": 1, "ano": 2, "semestre": 1, "ects": 6, "descricao": "Esta unidade curricular tem por objetivo apresentar a importância da Gestão de Dados no seio de uma empresa, de forma a garantir quer a operação diária de negócio, bem como o apoio à decisão estratégica.\n\nNesta unidade reforçar-se-á o enquadramento de estruturação e metodologias de criação das bases de dados.\n", "imagem": "", "docentes": []}}, {"model": "portefolio_app.unidadecurricular", "pk": 117, "fields": {"nome": "Redes de Computadores", "codigo": "ULHT260-1793-PT", "licenciatura": 1, "ano": 2, "semestre": 1, "ects": 6, "descricao": "Esta unidade curricular aborda os fundamentos das redes de computadores e da Internet. Os estudantes exploram a arquitetura de rede em camadas, desde o nível aplicacional até ao nível de ligação, compreendendo protocolos essenciais como HTTP, DNS, TCP, IP e Ethernet. A UC é fundamental para qualquer engenheiro informático, proporcionando as bases para unidades curriculares subsequentes como Computação Distribuída, Segurança Informática e Sistemas de Informação na Nuvem. O conhecimento adquirido permite aos estudantes compreender, analisar e desenvolver sistemas distribuídos e aplicações cloud, bem como diagnosticar problemas de conectividade e desempenho.", "imagem": "", "docentes": [1]}}, {"model": "portefolio_app.unidadecurricular", "pk": 119, "fields": {"nome": "Processamento de Imagem", "codigo": "ULHT260-19082-PT", "licenciatura": 1, "ano": 2, "semestre": 1, "ects": 4, "descricao": "\n\nOs objectivos desta UC são:\n\n\n\t\n\tEnsinar aos alunos competências que lhes permitam, no papel de “software developer”, delegar de forma responsável partes do trabalho de desenvolvimento de software em LLMs e outras ferramentas de IA Generativa. Exemplos: requisitos, funções / classes pequenas, eventualmente testes, etc.\n\t\n\t\n\tDesenvolver o pensamento crítico face a estas novas ferramentas e outras do mesmo género (avaliar, questionar os resultados, comparar, tirar conclusões, etc.)\n\t\n\t\n\tDesenvolver competências de comunicação clara e não ambígua (p.e. dar exemplos, contextualizar, etc.)\n\t\n\t\n\tPromover uso ético e responsável no uso destas ferramentas.\n\t\n\n", "imagem": "", "docentes": []}}, {"model": "portefolio_app.unidadecurricular", "pk": 121, "fields": {"nome": "Álgebra Linear", "codigo": "ULHT260-2091-PT", "licenciatura": 1, "ano": 1, "semestre": 1, "ects": 5, "descricao": "Nesta unidade curricular, os estudantes irão aprender a trabalhar com matrizes, sistemas de equações lineares e espaços vetoriais reais, essenciais para a resolução de diversos problemas reais.\n\n \n", "imagem": "", "docentes": []}}, {"model": "portefolio_app.unidadecurricular", "pk": 125, "fields": {"nome": "Engenharia de Requisitos e Testes", "codigo": "ULHT260-22512-PT", "licenciatura": 1, "ano": 2, "semestre": 1, "ects": 6, "descricao": "A UC de Análise e Conceção de Sistemas tem por objetivo garantir um enquadramento de gestão de Sistemas de Informação e o seu impacto na componente aplicacional, onde a componente de metodologia e engenharia de requisitos, tal como a metodologia e estruturação de testes de software, sejam unitários ou agregados, são essenciais para o sucesso de negócio das empresas.", "imagem": "", "docentes": [2]}}, {"model": "portefolio_app.unidadecurricular", "pk": 131, "fields": {"nome": "Desenvolvimento de Interfaces Web", "codigo": "ULHT260-26141-PT", "licenciatura": 1, "ano": 2, "semestre": 1, "ects": 3, "descricao": "Esta Unidade Curricular fornece formação completa em desenvolvimento front-end, abordando HTML, CSS, JavaScript, React e Next.js. São integradas práticas profissionais, incluindo Git Flow, GitHub, Codespaces, GitHub Pages e Vercel, permitindo que os alunos adquiram competências em ambientes colaborativos e de produção. A UC visa desenvolver tanto a capacidade técnica como a criatividade, incentivando a criação de aplicações eficientes, funcionais e com boa experiência de utilizador. Esta formação prepara os alunos para enfrentar desafios reais em projetos empresariais, promovendo a utilização de ferramentas e metodologias modernas essenciais para qualquer profissional da área de informática.\n", "imagem": "", "docentes": []}}, {"model": "portefolio_app.unidadecurricular", "pk": 133, "fields": {"nome": "Linguagens de Programação I", "codigo": "ULHT260-498-PT", "licenciatura": 1, "ano": 1, "semestre": 1, "ects": 5, "descricao": "Esta unidade curricular oferece uma extensa exploração da programação procedural usando a linguagem de programação C, abrangendo tópicos fundamentais e avançados. Os alunos obterão uma compreensão abrangente da história da programação C e dos seus benefícios, bem como aprenderão a criar e executar programas simples em C. O currículo concentra-se em conceitos essenciais, incluindo tipos de dados, variáveis, estruturas de controlo, funções e ponteiros, com oportunidades de experiência prática para reforçar o conhecimento. A unidade curricular também aborda tópicos avançados, como manipulação de ficheiros, alocação dinâmica de memória e estruturas de dados como listas e filas. Através de projetos de programação, os alunos desenvolverão experiência prática, com ênfase particular em obter uma compreensão completa da organização e operação da memória do computador como um recurso. No final do curso, os alunos serão capazes de criar programas eficientes que fazem uso eficaz da memória.\n", "imagem": "", "docentes": []}}, {"model": "portefolio_app.unidadecurricular", "pk": 135, "fields": {"nome": "Matemática II", "codigo": "ULHT260-505-PT", "licenciatura": 1, "ano": 1, "semestre": 1, "ects": 5, "descricao": "Geométria analítica e calculo diferencial e integral para funções reais de várias variáveis reais.\n", "imagem": "", "docentes": []}}, {"model": "portefolio_app.unidadecurricular", "pk": 139, "fields": {"nome": "Arquitetura de Computadores", "codigo": "ULHT260-5857-PT", "licenciatura": 1, "ano": 1, "semestre": 1, "ects": 5, "descricao": "Esta unidade curricular (UC) descreve o funcionamento de um computador moderno. Os estudantes aprendem quais são as componentes de um computador, as instruções máquina, o funcionamento do processador, a organização e funcionamento da memória e o paralelismo como forma de melhorar o desempenho. O estudo é baseado no processador RISC-V 32 bits.\n", "imagem": "", "docentes": []}}, {"model": "portefolio_app.unidadecurricular", "pk": 141, "fields": {"nome": "Probabilidades e Estatística", "codigo": "ULHT260-620-PT", "licenciatura": 1, "ano": 2, "semestre": 1, "ects": 6, "descricao": "A disciplina de Probabilidades e Estatística tem como objetivo fundamental dar ao estudante conceitos fundamentais da teoria da probabilidade e técnicas de estatística descritiva e inferência estatística, essenciais para o estudo de Engenharia. \n", "imagem": "", "docentes": []}}, {"model": "portefolio_app.unidadecurricular", "pk": 143, "fields": {"nome": "Sistemas Operativos", "codigo": "ULHT260-6305-PT", "licenciatura": 1, "ano": 2, "semestre": 1, "ects": 6, "descricao": "O conhecimento do funcionamento de um sistema operativo, a forma como interage com o hardware e como pode ser utilizado eficientemente pelos utilizadores e programadores é uma componente fundamental da formação em informática.\n\nEsta disciplina fornece aos estudantes os conhecimentos teóricos de como funciona um sistema operativo e um computador, e os conhecimentos práticos para desenvolver programas sofisticados para utilizarem eficientemente os recursos do computador.\n\nO conhecimento de um sistema operativo permitirá os alunos terem um melhor entendimento do funcionamento de sistemas atuais.\n", "imagem": "", "docentes": []}}, {"model": "portefolio_app.unidadecurricular", "pk": 145, "fields": {"nome": "Sistemas Digitais", "codigo": "ULHT260-7-PT", "licenciatura": 1, "ano": 1, "semestre": 1, "ects": 6, "descricao": "Esta Unidade Curricular (UC) visa apresentar aos estudantes os conceitos básicos conducentes à compreensão de Unidades Curriculares mais avançadas, nomeadamente no domínio da arquitetura de computadores. Tem ainda como objetivo potenciar o desenvolvimento do raciocínio lógico, capacidade essencial para a análise e compreensão de enunciados, de modo a conseguir decompor um problema em partes lógicas, identificando as etapas necessárias à construção de sistemas digitais.\n", "imagem": "", "docentes": []}}, {"model": "portefolio_app.unidadecurricular", "pk": 147, "fields": {"nome": "Sistemas de Suporte à Decisão", "codigo": "ULHT260-7303-PT", "licenciatura": 1, "ano": 2, "semestre": 1, "ects": 6, "descricao": "A UC de Sistemas de Suporte à Decisão / Business Intelligence tem por objetivo garantir que há a introdução à temática de processos de análise de dados para apoio às áreas de gestão das empresas. Neste sentido, a UC tem um papel fundamental no ciclo de estudo na compreensão dos processos de gestão e decisão de organizações, para além de como colocar infraestruturas de dados ao serviço do negócio empresarial.\n", "imagem": "", "docentes": []}}, {"model": "portefolio_app.unidadecurricular", "pk": 149, "fields": {"nome": "Fundamentos de Física", "codigo": "ULHT260-7336-PT", "licenciatura": 1, "ano": 1, "semestre": 1, "ects": 6, "descricao": "Mecânica clássica, eletrostátíca e corrente contínua\n", "imagem": "", "docentes": []}}, {"model": "portefolio_app.unidadecurricular", "pk": 151, "fields": {"nome": "Fundamentos de Programação", "codigo": "ULHT260-7337-PT", "licenciatura": 1, "ano": 1, "semestre": 1, "ects": 6, "descricao": "Esta é uma disciplina fundamental na formação de qualquer profissional da área de Informática pois introduz os conceitos básicos da programação, sobre os quais assentarão muitas disciplinas subsequentes como Linguagens de Programação I e II, Algoritmia e Estruturas de Dados, Programação Web, Computação Móvel, etc. Mais do que aprender uma linguagem de programação, o aluno aprende a pensar como um programador, analisando problemas e desenhando algoritmos que os resolvam recorrendo a fluxogramas e a programas escritos em Kotlin, uma linguagem promissora que combina as melhores características das linguagens modernas mais populares (Java, Python, etc.)\r\n\r\nDado ser o primeiro contacto de muitos alunos com o tópico da Programação, reveste-se de uma importância especial na aquisição de conhecimentos primordiais mas também na sua motivação. Mais do que aprender a programar, os alunos aprendem a gostar de programar.", "imagem": "", "docentes": [2]}}, {"model": "portefolio_app.unidadecurricular", "pk": 157, "fields": {"nome": "Linguagens de Programação II", "codigo": "ULHT260-898-PT", "licenciatura": 1, "ano": 2, "semestre": 1, "ects": 6, "descricao": "Esta UC é o culminar de um caminho iniciado em Fundamentos de Programação e aprofundado em Algoritmia e Estruturas de Dados, solidificando os conhecimentos de programação. Com um foco no desenvolvimento e manutenção de programas de elevada complexidade, o paradigma imperativo deixa de ser suficiente e são abordados os paradigmas orientado a objectos e funcional. São igualmente abordados conceitos adjacentes à fase de implementação, como o controlo de versões, os testes unitários e funcionais, a cobertura de código e outras métricas de qualidade. Esta é uma UC fundamental na formação de qualquer profissional da área de Informática, pois fornece um conjunto de conhecimentos e ferramentas que serão essenciais nos projectos empresariais em que estes alunos virão a estar inseridos.", "imagem": "", "docentes": [2]}}, {"model": "portefolio_app.tecnologia", "pk": 1, "fields": {"nome": "JavaScript", "logo": "tecnologias/JS.png", "site_oficial": "https://developer.mozilla.org/en-US/docs/Web/JavaScript", "descricao": "JavaScript (JS) é uma linguagem de programação de alto nível, interpretada e dinâmica, essencial para tornar as páginas web interativas e funcionais. Juntamente com HTML e CSS, forma o trio base da web, sendo responsável pelo comportamento e inteligência do site, como animações, validação de formulários e atualizações em tempo real.", "aspectos_positivos": "", "aspectos_negativos": "", "nivel_interesse": 1, "categoria_relacionada": null, "categoria": "Linguagem de programação"}}, {"model": "portefolio_app.tecnologia", "pk": 2, "fields": {"nome": "Java", "logo": "tecnologias/Java.jpg", "site_oficial": "https://www.java.com/", "descricao": "Java é uma linguagem de programação popular, orientada a objetos e multiplataforma, desenvolvida pela Sun Microsystems em 1995 e atualmente gerida pela Oracle. É conhecida pelo lema \"escreva uma vez, execute em qualquer lugar\" (WORA), permitindo que aplicações rodem em bilhões de dispositivos (celulares, computadores, servidores, IoT) através da Máquina Virtual Java (JVM).", "aspectos_positivos": "", "aspectos_negativos": "", "nivel_interesse": 5, "categoria_relacionada": null, "categoria": "Linguagem de programação"}}, {"model": "portefolio_app.tecnologia", "pk": 3, "fields": {"nome": "C", "logo": "tecnologias/C.png", "site_oficial": "https://www.c-language.org/", "descricao": "A linguagem C é uma das linguagens de programação mais influentes e de propósito geral, criada por Dennis Ritchie nos anos 1970. É estruturada, imperativa e de \"alto/médio nível\", conhecida pela sua eficiência, portabilidade e manipulação direta de hardware, sendo amplamente usada em sistemas operacionais e embarcados.", "aspectos_positivos": "", "aspectos_negativos": "", "nivel_interesse": 5, "categoria_relacionada": null, "categoria": "Linguagem de programação"}}, {"model": "portefolio_app.tecnologia", "pk": 4, "fields": {"nome": "Python", "logo": "tecnologias/Python.png", "site_oficial": "https://www.python.org/", "descricao": "Python é uma linguagem de programação de alto nível, interpretada, de script, orientada a objetos e de propósito geral, famosa pela sua sintaxe clara, simples e legibilidade, sendo amplamente usada em inteligência artificial, análise de dados e desenvolvimento web. Criada em 1991, destaca-se pela sua versatilidade e forte comunidade.", "aspectos_positivos": "", "aspectos_negativos": "", "nivel_interesse": 1, "categoria_relacionada": null, "categoria": "Linguagem de programação"}}, {"model": "portefolio_app.tecnologia", "pk": 5, "fields": {"nome": "Django", "logo": "tecnologias/django.png", "site_oficial": "https://www.djangoproject.com/", "descricao": "O Django é um framework web de alto nível, gratuito e de código aberto, escrito em Python, que facilita o desenvolvimento rápido de sites seguros e escaláveis. Ele segue o padrão arquitetural MVT (Model-View-Template) e promove código limpo, ideal para projetos que vão de startups a plataformas robustas, como o Instagram.", "aspectos_positivos": "", "aspectos_negativos": "", "nivel_interesse": 3, "categoria_relacionada": null, "categoria": "Framework"}}, {"model": "portefolio_app.tecnologia", "pk": 6, "fields": {"nome": "Apache Maven", "logo": "tecnologias/maven.png", "site_oficial": "https://maven.apache.org/", "descricao": "O Apache Maven é uma ferramenta de gestão e automatização de builds para projetos Java, desenvolvida pela Apache Software Foundation. Utiliza um arquivo XML, chamado POM (Project Object Model), para gerir dependências (bibliotecas), compilar código, executar testes e empacotar aplicações (JAR/WAR) de forma padronizada", "aspectos_positivos": "", "aspectos_negativos": "", "nivel_interesse": 5, "categoria_relacionada": null, "categoria": "Ferramenta"}}, {"model": "portefolio_app.projeto", "pk": 1, "fields": {"titulo": "Portefolio Django", "unidade_curricular": 103, "descricao": "Portefolio pessoal num site feito em Django e Python", "objetivo": "Desenvolver capacidades em criação de sites em django e fazer um portefolio pessoal", "imagem": "", "video_demo": "", "github": "https://github.com/rodrigo-filipe/Django-portefolio", "tecnologias": [4, 5]}}, {"model": "portefolio_app.projeto", "pk": 2, "fields": {"titulo": "Roubar o site da Nidhi", "unidade_curricular": 103, "descricao": "Dei webscrape de todo o site da nidhi e copiei tudo para fazer este site", "objetivo": "Não ter de trabalhar", "imagem": "projetos/construction_XWI9lpJ.gif", "video_demo": "https://www.youtube.com/watch?v=6DddBRyArmM&feature=youtu.be", "github": "https://nidhi_mogatlal_22405789.pw.deisi.ulusofona.pt/", "tecnologias": [4, 5]}}, {"model": "portefolio_app.tfc", "pk": 1, "fields": {"titulo": "9 Dissertações de Mestrado", "alunos": "Assessing effectiveness of language models in Project Management Tasks", "orientador": "João Caldeira", "ano": 2025, "licenciatura": "Não encontrado", "email": "alexandreajunior@gmail.com", "descricao": "Assessing effectiveness of language models in Project Management Tasks", "palavras_chave": "LLM; Project Management; artificial intelligence; task effectiveness.", "areas": "Artificial Intelligence, Management.", "tecnologias_usadas": "LLM, Ollama, OpenAI.", "pdf": "", "rating": 5}}, {"model": "portefolio_app.tfc", "pk": 2, "fields": {"titulo": "Assessing effectiveness of language models in Project Management Tasks", "alunos": "Alexandre Jose Silva Abdala Junior", "orientador": "João Caldeira", "ano": 2025, "licenciatura": "Não encontrado", "email": "alexandreajunior@gmail.com", "descricao": "Assessing effectiveness of language models in Project Management Tasks", "palavras_chave": "LLM; Project Management; artificial intelligence; task effectiveness.", "areas": "Artificial Intelligence, Management.", "tecnologias_usadas": "LLM, Ollama, OpenAI.", "pdf": "", "rating": 5}}, {"model": "portefolio_app.tfc", "pk": 3, "fields": {"titulo": "Comid: Identificação de Comunidades Online", "alunos": "Thiago Henrique Dos Santos", "orientador": "Manuel Marques Pita", "ano": 2025, "licenciatura": "Não encontrado", "email": "thiagohenrique@gmail.com", "descricao": "O crescente volume de interações em comunidades virtuais, como fóruns do Reddit, oferece oportunidades valiosas para a investigação de dinâmicas comunicativas, compartilhamento de conhecimento e formação de grupos em ambientes digitais. No entanto, a natureza informal, ruidosa e desestruturada dos textos nessas plataformas impõe desafios metodológicos significativos para análises quantitativas e qualitativas de linguagem. Esta dissertação propõe e apresenta o Comid, uma ferramenta computacional desenvolvida para o pré-processamento, organização e análise de dados textuais provenientes de comunidades do Reddit. O Comid integra métodos avançados de limpeza textual, normalização linguística, geração de corpora, análise de tópicos e agrupamento de interações, oferecendo um pipeline robusto e replicável para pesquisadores interessados em estudos de comunicação mediada por computador. A ferramenta permite a seleção e filtragem criteriosa de conteúdos com base em características estruturais (como tamanho do texto e nível de interação), bem como a organização de conversações por tópicos e períodos de tempo. Além disso, incorpora técnicas de extração de unigramas, bigramas e frases, com cálculo de associações estatísticas, possibilitando análises exploratórias e confirmatórias sobre as dinâmicas discursivas das comunidades analisadas. Esta dissertação contribui metodologicamente ao campo dos estudos de comunidades online, oferecendo uma solução flexível, extensível e alinhada às boas práticas de ciência de dados para a análise de grandes volumes de interações textuais.", "palavras_chave": "API; Análise de Comunidades Online; Análise de Conversação; Comid; Modelação de Tópicos; NLP; Python; Reddit.", "areas": "Ciência de Dados, Inteligência Artificial, Processamento de Linguagem Natura (NLP), Redes Sociais, Tecnologia e Desenvolvimento de Software.", "tecnologias_usadas": "Big Data, Data Mining, Python, WebAPI.", "pdf": "", "rating": 5}}, {"model": "portefolio_app.tfc", "pk": 4, "fields": {"titulo": "Cost Reduction and Optimization in Cloud Environments", "alunos": "João Pedro Matos", "orientador": "Paulo Guedes, Pedro Perdigão", "ano": 2025, "licenciatura": "Não encontrado", "email": "jpcamatos31@gmail.com", "descricao": "Cost reduction and optimization in cloud environments are crucial for organizations seeking to maximize operational efficiency while maintaining competitiveness in a rapidly evolving digital landscape. This thesis explores cloud optimization strategies, focusing on how organizations can effectively manage resources to minimize waste and optimize performance. Various tools, methods, and practices are highlighted in this type of environment that contribute to cost reduction, while ensuring scalability, security, and compliance. By implementing effective cost management practices, organizations not only improve their financial health but also enhance their capacity for innovation, contributing to long-term sustainability and growth.", "palavras_chave": "Azure; Infraestrutura.", "areas": "Tecnologia e Desenvolvimento de Software.", "tecnologias_usadas": "Azure.", "pdf": "", "rating": 5}}, {"model": "portefolio_app.tfc", "pk": 5, "fields": {"titulo": "Energy Consumption Crawler", "alunos": "Gonçalo Cabeleira", "orientador": "João Caldeira", "ano": 2025, "licenciatura": "Não encontrado", "email": "goncalocabeleira123@gmail.com", "descricao": "The topic of energy consumption has gained traction in recent years, as has environmental sustainability, especially when it comes to machine learning algorithms and their massive usage of resources, prominently during training. However, most data scientists do not have the knowledge or the conduct to try and solve this issue, leading to an over-exhaustion of resources and longer development times. Professionals across the globe are worried about the negative impacts these huge cost sinks can have on future generations and the future of research and development of new technologies. This paper proposes a Python software package designed to enhance the efficiency of machine-learning workflows by estimating the execution time of code within Jupyter Notebooks. This package enables data scientists to optimize their code for reduced runtime and energy consumption by providing real-time insights into computational costs. This approach contributes to the broader goal of sustainable machine learning by promoting resource-efficient practices in model development and experimentation.", "palavras_chave": "Carbon Emissions; Code Carbon; Energy Consumption; Python.", "areas": "Ciência de Dados, Tecnologia e Desenvolvimento de Software.", "tecnologias_usadas": "Code Carbon, Microsoft Visual Studio, Python.", "pdf": "", "rating": 5}}, {"model": "portefolio_app.tfc", "pk": 6, "fields": {"titulo": "Evolução dos Sistemas de Autenticação Forte: análise e implementação", "alunos": "Jilson Almeida Benjamim", "orientador": "José Rogado", "ano": 2025, "licenciatura": "Não encontrado", "email": "jilsonbenjamim@gmail.com", "descricao": "A evolução dos sistemas de autenticação forte tem sido crucial para a proteção de dados sensíveis e o combate ao acesso não autorizado em plataformas digitais. Esta dissertação explora a análise e implementação de soluções de autenticação multifatorial (MFA), com foco no uso de SMS, OTP e WebAuthn. A pesquisa examina como essas tecnologias de autenticação evoluíram ao longo do tempo e como podem ser aplicadas de maneira eficaz em diferentes contextos, desde locais com infraestrutura limitada até ambientes com infraestrutura avançada. O estudo propõe soluções que equilibram segurança e usabilidade, permitindo a adaptação das tecnologias de autenticação para diferentes níveis de acesso à TI e de letramento digital, assegurando proteção sem comprometer a experiência do usuário.", "palavras_chave": "Analfabetismo digital; Autenticação forte; MFA; OTP; Segurança da informação; webauthn.", "areas": "Cibersegurança.", "tecnologias_usadas": "AWS, HTML, JavaScript, Laravel, PHP, Tailwind CSS.", "pdf": "", "rating": 5}}, {"model": "portefolio_app.tfc", "pk": 7, "fields": {"titulo": "Identificação e Deteção em Tempo Real de Ameaças de Phishing em Aplicações de Mensagens Instantâneas", "alunos": "João Tiago Durães", "orientador": "João Craveiro", "ano": 2025, "licenciatura": "Não encontrado", "email": "joao.tiago.duraes@gmail.com", "descricao": "A deteção de ataques de phishing tornou-se um desafio crescente, devido à constante evolução das técnicas dos cibercriminosos e à falta de literacia digital de muitos utilizadores. Este projeto visa desenvolver uma solução para identificar e alertar, em tempo real, para ameaças de phishing. A metodologia envolve a análise de mensagens reais partilhadas nas plataformas, bem como a criação de uma API com algoritmos de machine learning em Python para identificar padrões característicos de phishing.", "palavras_chave": "alerta em tempo real; ameaças; aplicações de mensagens instantâneas; machine learning; phishing.", "areas": "Cibersegurança.", "tecnologias_usadas": "Python.", "pdf": "", "rating": 5}}, {"model": "portefolio_app.tfc", "pk": 8, "fields": {"titulo": "Melhores Práticas Na Transformação Digital Das Pmes Portuguesas: Um Estudo De Caso Do Setor Do Turismo, Hotelaria E Restauração No Município Do Barreiro.", "alunos": "Valdemar Sebastião Buco", "orientador": "Rui Ribeiro", "ano": 2025, "licenciatura": "Não encontrado", "email": "valdemar.buco@gmail.com", "descricao": "As palavras, transformação digital (TD) resumem um movimento de transformação tecnológica que decorre há várias décadas, com as empresas a integrarem tecnologias digitais nos seus processos criativos. A pandemia da COVID-19 acelerou essa adoção e expôs as vulnerabilidades de setores intensivos em contacto com clientes, como o turismo, hotelaria e restauração (THR). A TD tornou-se um imperativo estratégico para as empresas, independentemente da sua dimensão ou setor de atividade. Em Portugal, onde o turismo representa 7.3% do PIB, as micro, pequenas e médias empresas (PMEs), que representam 99.9% do tecido empresarial nacional, enfrentam desafios específicos na implementação de projetos de TD, apesar da sua importância na economia. O presente estudo visa identificar boas práticas, dificuldades e oportunidades relacionadas com a transformação digital nestes setores, contribuindo para o desenvolvimento económico e digital do município do Barreiro. A pesquisa centra-se em identificar as melhores práticas, os fatores que influenciam o sucesso ou fracasso da TD, e o impacto das políticas públicas locais de digitalização. A pergunta central que orienta o estudo é: \"Quais as melhores práticas de transformação digital adotadas por PMEs do setor do turismo, hotelaria e restauração no município do Barreiro, e que fatores influenciam o seu sucesso ou fracasso?\" Para responder a esta pergunta, optou-se por uma abordagem mista, que combina a revisão sistemática da literatura segundo o modelo PRISMA, com um estudo exploratório de múltiplos casos no Barreiro. Os dados são recolhidos por meio de entrevistas semiestruturadas a gestores e especialistas, e um questionário com escala de Likert para avaliar a maturidade digital das empresas. A análise dos dados íntegra técnicas qualitativas e quantitativas, com triangulação para validar os resultados. O estudo pretende contribuir para a literatura ao preencher lacunas sobre a TD em PMEs do THR em contextos regionais específicos, oferecendo recomendações práticas para empresas e políticas públicas. Palavras-chave: Transformação digital, PMEs, turismo, hotelaria, restauração, boas práticas.", "palavras_chave": "Hotelaria; Restauração; Transformação Digital; Turismo.", "areas": "Inovação, PMEs, Redes Sociais, Tecnologia da Informação, turismo.", "tecnologias_usadas": "Google Charts, IA, Research Methodologies.", "pdf": "", "rating": 5}}, {"model": "portefolio_app.tfc", "pk": 9, "fields": {"titulo": "Ray Tracing and SSR: A Hybrid Approach", "alunos": "Leandro Brás", "orientador": "Diogo de Andrade, Nuno Fachada", "ano": 2025, "licenciatura": "Não encontrado", "email": "leandro-xy@hotmail.com", "descricao": "Olhando para os jogos de hoje, podemos observar um claro avanço em termos de realismo com o uso de novas tecnologias como o Ray-Tracing, apesar de ser uma tecnologia que proporciona um nível de realismo bastante elevado, esta, tem também um custo de desempenho bastante elevado. Aqui propõem-se a criação de uma mini render engine, onde testamos um ambiente 3D de forma a verificar a qualidade de imagem e tempo de render entre estes dois sistemas existentes (SSR & Ray Tracing), e um sistema híbrido que junta ambas as técnicas de forma a tentar maximizar o desempenho e minimizar as falhas que ambas têm. Esta técnica passa pela criação de um render inicial de Screen-Space, a partir de aqui retiramos a informação de onde esta técnica inicial não consegue atuar, e aplica-se a técnica de Ray-Tracing por cima. Por final, realizar-se-á uma análise de performance e qualidade de imagem a estas 3 técnicas com o objetivo de determinar se esta técnica híbrida será viável para uso em engines de jogos.", "palavras_chave": "Jogos.", "areas": "Computação Gráfica, Computer Graphics.", "tecnologias_usadas": "C++.", "pdf": "", "rating": 5}}, {"model": "portefolio_app.tfc", "pk": 10, "fields": {"titulo": "Telemedicina Segura e Escalável – Uma Abordagem de Contentores e Microserviços", "alunos": "Ricardo Gonçalves", "orientador": "Paulo Guedes, Wellington Oliveira", "ano": 2025, "licenciatura": "Não encontrado", "email": "ricardo.goncalves252@gmail.com", "descricao": "Com o crescimento da telemedicina como solução para cuidados de saúde à distância, surgem desafios significativos ao nível da segurança dos dados, escalabilidade dos sistemas e conformidade com regulamentações como o RGPD e a HIPAA. Esta dissertação propõe o desenvolvimento de uma framework baseada em containers e arquitetura de microsserviços, permitindo criar plataformas de telemedicina seguras, escaláveis e em conformidade legal. A solução permite o agendamento e realização de consultas remotas, gestão de dados clínicos sensíveis e adaptação a diferentes especialidades médicas, garantindo robustez técnica e confiança para profissionais e pacientes.", "palavras_chave": "Aplicação Web; HIPAA; Microsserviços; RGPD; Telemedicina.", "areas": "Inovação, Tecnologia da Informação, Tecnologia e Desenvolvimento de Software, saúde.", "tecnologias_usadas": "Docker, PostgreSQL, Ruby on Rails.", "pdf": "", "rating": 5}}, {"model": "portefolio_app.tfc", "pk": 11, "fields": {"titulo": "16 Teses de Doutoramento", "alunos": "6G: Impact analysis and new business models in the 5th Industrial Revolution", "orientador": "Rui Ribeiro", "ano": 2025, "licenciatura": "Não encontrado", "email": "gilsonsf2008@gmail.com", "descricao": "This proposal entitled \"\"6G: Impact analysis and new business models in the 5th Industrial Revolution\"\" aims to investigate the impact of the new 6G generation and its future evolutions in the context of virtualization, briefly highlighting its technical advances, potential applications, ethical challenges and implications in the economic, social and government sectors. 6G is planned for 2030, in which it largely supplants the standards of the current generation, as it integrates with AI, quantum computing, sustainability, ultra-fast connectivity and very low latency, enabling immersive and interactive digital experiences in the context of the Metaverse and much beyond. The work starts from an introduction to the evolutions of mobile networks, from 1G to 6G, through analog, digital transformations and changes in connectivity patterns and services. Notably 6G emerges as an infrastructure capable of supporting disruptive advances, such as holographic communication, neural networks and bio-interfaces, Internet of the Senses and high- speed services including spatial connectivity interactions. In addition, elements such as security, privacy, ethics and sustainability are highlighted as crucial challenges to ensure the reliability and viability of this global transformation. The research proposes an interdisciplinary approach, using innovation diffusion model (DOI) and PRISMA methodology for systematic review, in addition to roadmapping and modeling for prospective scenario. The study addresses the technical requirements, new business models, regulations and ethical impacts, also proposing frameworks aimed at compatibility between technology and strategic sectors. The central point included digital to virtual convergence, the transition to smart networks with AI, and the proposal was the creation of a holistic analysis model for global virtual transformation.", "palavras_chave": "6G; Gestão da Informação; Informação; Inovação; Inteligência Artificial; Internet das Coisas; Transformação; Transformação Digital; Virtual.", "areas": "Artificial Intelligence, Cibersegurança, Gestão, Inovação, Management, Segurança Informática, Tecnologia da Informação, Telecomunicações, Wireless communication.", "tecnologias_usadas": "6G, Bases de Dados, Big Data, Blockchain, Deep learning, Entity Framework, Google Charts, Google Drive, IA, Jira, LLM, Machine Learning, RGPD, Realidade Aumentada, Research Methodologies, Web.", "pdf": "", "rating": 5}}, {"model": "portefolio_app.tfc", "pk": 12, "fields": {"titulo": "6G: Impact analysis and new business models in the 5th Industrial Revolution", "alunos": "Gilson Da Silva Ferreira", "orientador": "Rui Ribeiro", "ano": 2025, "licenciatura": "Não encontrado", "email": "gilsonsf2008@gmail.com", "descricao": "This proposal entitled \"\"6G: Impact analysis and new business models in the 5th Industrial Revolution\"\" aims to investigate the impact of the new 6G generation and its future evolutions in the context of virtualization, briefly highlighting its technical advances, potential applications, ethical challenges and implications in the economic, social and government sectors. 6G is planned for 2030, in which it largely supplants the standards of the current generation, as it integrates with AI, quantum computing, sustainability, ultra-fast connectivity and very low latency, enabling immersive and interactive digital experiences in the context of the Metaverse and much beyond. The work starts from an introduction to the evolutions of mobile networks, from 1G to 6G, through analog, digital transformations and changes in connectivity patterns and services. Notably 6G emerges as an infrastructure capable of supporting disruptive advances, such as holographic communication, neural networks and bio-interfaces, Internet of the Senses and high- speed services including spatial connectivity interactions. In addition, elements such as security, privacy, ethics and sustainability are highlighted as crucial challenges to ensure the reliability and viability of this global transformation. The research proposes an interdisciplinary approach, using innovation diffusion model (DOI) and PRISMA methodology for systematic review, in addition to roadmapping and modeling for prospective scenario. The study addresses the technical requirements, new business models, regulations and ethical impacts, also proposing frameworks aimed at compatibility between technology and strategic sectors. The central point included digital to virtual convergence, the transition to smart networks with AI, and the proposal was the creation of a holistic analysis model for global virtual transformation.", "palavras_chave": "6G; Gestão da Informação; Informação; Inovação; Inteligência Artificial; Internet das Coisas; Transformação; Transformação Digital; Virtual.", "areas": "Artificial Intelligence, Cibersegurança, Gestão, Inovação, Management, Segurança Informática, Tecnologia da Informação, Telecomunicações, Wireless communication.", "tecnologias_usadas": "6G, Bases de Dados, Big Data, Blockchain, Deep learning, Entity Framework, Google Charts, Google Drive, IA, Jira, LLM, Machine Learning, RGPD, Realidade Aumentada, Research Methodologies, Web.", "pdf": "", "rating": 5}}, {"model": "portefolio_app.tfc", "pk": 13, "fields": {"titulo": "Adaptive Detection and Characterization of Plume-Dominated Wildfires", "alunos": "Afonso Oliveira", "orientador": "João P. Matos-Carvalho, Nuno Fachada", "ano": 2025, "licenciatura": "Não encontrado", "email": "afonso.oliveira@ulusofona.pt", "descricao": "Extreme wildfires are increasingly hazardous, particularly plume-dominated fires, which exhibit unpredictable behavior due to their self-sustaining convective columns. Despite their significance, these fires remain poorly understood, hindered by limited observational data and fragmented remote sensing approaches. This paper proposes an Artificial Intelligence-based method adaptive framework for real-time detection and characterization of plume-dominated wildfires using satellite and aerial imagery. The framework focuses on three critical aspects: fire intensity, vertical plume development, and rotational motion. Leveraging satellite data, alongside aerial datasets, the methodology dynamically adapts to available data to ensure accurate assessments. The final output is a risk-graded map identifying zones of active or potential plume-dominated activity, and a deeper characterization of the plume internal mechanisms. The proposed framework has significant potential for improving wildfire prediction, management, and mitigation strategies, contributing to improved safety and resource allocation in wildfire-prone regions.", "palavras_chave": "Fogos; Mapas Multiespectrais; Modelação; Simulação; Wildfires.", "areas": "Artificial Intelligence, Inteligência Artificial, Sustentabilidade, Tecnologias Geoespaciais, ambiente, sociedade.", "tecnologias_usadas": "Deep learning, Python.", "pdf": "", "rating": 5}}, {"model": "portefolio_app.tfc", "pk": 14, "fields": {"titulo": "Enterprise Rating for Information Systems", "alunos": "Mikael Saraiva", "orientador": "Rui Ribeiro", "ano": 2025, "licenciatura": "Não encontrado", "email": "msaraiva88@gmail.com", "descricao": "This study proposes an innovative Rating Model for Information Systems, developed through long-term research on organizational best practices and widely adopted frameworks, such as ITIL, COBIT, MOF, and ISO9001. A comprehensive state-of-the-art analysis highlighted the absence of specific ratings for Information Systems, prompting a review of established models in areas like finance (Standard & Poor’s) and cybersecurity (BitSight). The methodology combined a systematic literature review, analysis of case studies on framework implementation outcomes, and primary data collection through questionnaires and interviews with organizational managers. This process led to the development of equations and reference models, supporting the proposed rating as a practical tool for assessing and continuously improving organizational Information Systems.", "palavras_chave": "Framework; Gestão de Empresas; Gestão de Sistemas de Informação; Sistemas de Informação.", "areas": "Ciência de Dados, Management, empresarial, gestão.", "tecnologias_usadas": "Big Data, CSS, Data Mining, HTML, Machine Learning, Python.", "pdf": "", "rating": 5}}, {"model": "portefolio_app.tfc", "pk": 15, "fields": {"titulo": "Fall Detection and Fall Prevention", "alunos": "Jorge Leiria Pires", "orientador": "Slaviša Tomić, Sérgio Duarte", "ano": 2025, "licenciatura": "Não encontrado", "email": "jorge.leiria.pires@gmail.com", "descricao": "The main contribution of the research work will be focused on development of schemes to detect if someone is at risk of falling or has fallen. This work will strive to respond to several questions, such as: • How to detect if a person has fallen? • Are there any off-the-shelf devices that could be employed to prevent/detect falls? • How to improve detection performance, regarding precision, complexity and/or energy costs, without requiring expensive devices? • Will it be possible to process accelerometer’s collected data on the local device itself, using deep learning algorithms to prevent/detect falls, without having to send it to a remote server?", "palavras_chave": "Doutoramento em informática – novos media e sistemas ubíquos; Quedas.", "areas": "Artificial Intelligence, Tecnologia da Informação.", "tecnologias_usadas": "C++, Machine Learning, Matlab, Programação, Python.", "pdf": "", "rating": 5}}, {"model": "portefolio_app.tfc", "pk": 16, "fields": {"titulo": "Graph-based Environment Generation", "alunos": "Diogo De Andrade", "orientador": "Nuno Maria Carvalho Pereira Fernandes Fachada", "ano": 2025, "licenciatura": "Não encontrado", "email": "diogo.andrade@ulusofona.pt", "descricao": "The expanding complexity of modern 3D games places increasing demands on developers, particularly in area and level design. Initial level prototyping faces pressure for early completion as it sets the stage for subsequent engineering and artistic tasks. Addressing this challenge, we introduce a suite of algorithms aimed at streamlining the creation of 3D environments, with a specific focus on enhancing efficiency during the greyboxing phase of level design. The goal is to equip level designers with tools that enable rapid iteration and acceleration of this crucial stage. The first of these algorithms is dedicated to metadata extraction from human-modeled triangle meshes. It meticulously identifies key features such as entry/exit points, navigation lines, and structural frameworks. This process equips designers with a comprehensive understanding of each geometric element’s design and potential function within the environment. The second algorithm introduces mesh deformation capabilities, considering the structural characteristics of each element. This adaptation allows for versatile topological modifications, reducing the reliance on extensive artistic input and streamlining the component adaptation process. The final algorithm focuses on integrating these geometric elements into a user-defined graph. This graph, formed of 3D points interconnected by probabilistic links, acts as the foundational blueprint for environment assembly. It aligns the geometric elements to ensure spatial coherence and structural integrity within the generated environment. Collectively, these algorithms represent an advancement in early-stage game environment design, emphasizing ease of use and minimal integration effort, they offer designers an ideation and prototyping tool.", "palavras_chave": "Geração Procedimental de Conteúdos; Jogos; design de níveis; geometria computacional; jogos digitais.", "areas": "Computação Gráfica, Geometria Computacional, Geração Procedimental de Conteúdo, Inteligência Artificial.", "tecnologias_usadas": "C#, Unity.", "pdf": "", "rating": 5}}, {"model": "portefolio_app.tfc", "pk": 17, "fields": {"titulo": "IT security for an end user in an IoT structure", "alunos": "Silvana Chagas", "orientador": "Nuno Ricardo Mateus Coelho", "ano": 2025, "licenciatura": "Não encontrado", "email": "a22404428@alunos.ulht.pt", "descricao": "The macro question of the research proposal is to provide security computing on IoT devices in a home ecosystem, under the supervision from your Internet Service Provider (ISP). To this end, the ISP must have technical conditions to monitor the IoT device. However, the client of this ISP does not accept access to the device. afraid that the ISP will access the private and private data that the device IoT may contain. Between the two, client and ISP, there may be a possible attack due to, for example, to a vulnerability that is unknown to the customer and that the ISP can to fight. This dilemma between the parties is current and needs to be investigated to propose ways to access the IoT device by the ISP for the purposes of: – monitoring a possible attack, – vulnerability analysis and – mitigation in the event of a security breach that may compromise, in addition to the client's other IT and/or IoT equipment, the ISP IT infrastructure.", "palavras_chave": "ISP; IoT; Segurança em redes; ameaça; doméstico; smart homes; vulnerabilidade.", "areas": "Cibersegurança, Segurança Informática.", "tecnologias_usadas": "AWS, Android, Arduino, Azure, IPSEC, IPv6, Maltego, Python, Shodan.", "pdf": "", "rating": 5}}, {"model": "portefolio_app.tfc", "pk": 18, "fields": {"titulo": "LLM-Based Clustering of Text Documents", "alunos": "Alina Petukhova", "orientador": "João P. Matos-Carvalho, Nuno Fachada", "ano": 2025, "licenciatura": "Não encontrado", "email": "petukhova.alina@gmail.com", "descricao": "This thesis presents a comprehensive approach to text clustering, an important technique for organising and analysing large volumes of textual data. It begins by introducing the TextCL package, which provides advanced text preprocessing and novel outlier detection methods not previously available in Python, thereby enhancing the quality of input data for various Natural Language Processing (NLP) tasks. The study then proceeds with creating the Multilabelled News Dataset (MN-DS) dataset, which illustrates the effective application of the text clustering pipeline on a custom, manually labelled dataset. This dataset also serves as an essential benchmark for news clustering, allowing for an exploration of the hierarchical nature of the labels and their impact on clustering results. Finally, the thesis compares traditional text embeddings like Term Frequency – Inverse Document Frequency (TFIDF) and Bidirectional Encoder Representations from Transformers (BERT)-family embeddings with those generated by Large Language Models (LLMs). Extensive experiments across multiple text datasets show that LLM embeddings significantly improve the capture of semantic relationships within documents, resulting in more accurate and meaningful clustering outcomes. However, the findings indicate that techniques such as increasing model dimensionality and applying summarisation do not always enhance clustering efficiency, emphasising the need for careful consideration in practical applications. This research contributes to fields such as topic modelling and information retrieval by providing a robust framework for text clustering using state-of-the-art embedding techniques.", "palavras_chave": "Natural Language Processing; Text clustering; Large Language Models; Outlier detection; Text preprocessing.", "areas": "Ciência de Dados e Inteligência Artificial.", "tecnologias_usadas": "Deep learning, Python.", "pdf": "", "rating": 5}}, {"model": "portefolio_app.tfc", "pk": 19, "fields": {"titulo": "Medical Image Segmentation for Edge Device Deployment Using Compression Techniques.", "alunos": "Preyesse Arquissandás", "orientador": "João P. Matos-Carvalho, Sérgio Duarte, Tiago Reis", "ano": 2025, "licenciatura": "Não encontrado", "email": "preyesse.arquissandas@ulht.pt", "descricao": "Apply Deep learning techniques to improve image segmentation tasks and model deployment into resource-constrained devices.", "palavras_chave": "Compression; Deep Learning; Edge Computing; Image Segmentation; Pruning; Quantization.", "areas": "Computer Vision, saúde.", "tecnologias_usadas": "Arduino, Bases de Dados, Deep learning, ESP8266, Machine Learning, Matplotlib, NumPy, Pandas, PyTorch, Python, SQLite, Sklearn, TensorFlow, Windows.", "pdf": "", "rating": 5}}, {"model": "portefolio_app.tfc", "pk": 20, "fields": {"titulo": "Patient-Centered Healthcare: A Framework for Analyzing Patient Feedback through Sentiment Analysis and Topic Modeling", "alunos": "Luis Osório", "orientador": "Nuno Ricardo Mateus Coelho", "ano": 2025, "licenciatura": "Não encontrado", "email": "luis.osorio@ontop.pt", "descricao": "Patient feedback is a crucial component in identifying areas of improvement and enhancing service quality in healthcare. However, manual analysis of a large volume of reviews is challenging. This paper proposes a novel framework and software for sentiment analysis and topic modeling with the goal of automating this process, providing a more efficient method for data extraction and facilitating informed decision-making. The Google reviews dataset, a rich source of patient feedback, is used for this purpose. We present findings from related research to identify potential strategies for implementing this framework. The ultimate goal is to understand patient sentiments, identify common complaint topics, and highlight positive aspects of healthcare centers. This approach will provide valuable insights that are essential for the continuous improvement and success of healthcare centers.", "palavras_chave": "Doutoramento em informática – novos media e sistemas ubíquos.", "areas": "Ciência de Dados e Inteligência Artificial.", "tecnologias_usadas": "Python.", "pdf": "", "rating": 5}}, {"model": "portefolio_app.tfc", "pk": 21, "fields": {"titulo": "Simulation of Cyber Attacks in Industrial Control Systems Using Generative AI and Development of Anomaly Detection Mechanisms with Federated Learning", "alunos": "Veysel Alevcan", "orientador": "Luís Miguel Campos", "ano": 2025, "licenciatura": "Não encontrado", "email": "valevcan@gmail.com", "descricao": "This doctoral thesis focuses on enhancing the security of Supervisory Control and Data Acquisition (SCADA) systems within Industrial Control Systems (ICS) by simulating cyber attacks using Generative AI and developing anomaly detection mechanisms based on Federated Learning (FL). The study generates synthetic yet realistic cyber attacks using generative models (e.g., GANs, LLMs) and trains decentralized, privacy-preserving anomaly detection models across different SCADA process segments. The proposed approach is evaluated using open-source datasets (SWaT,), employing a process-based FL architecture. The results demonstrate that Federated Learning can effectively detect anomalies while preserving data privacy, offering a robust framework for enhancing SCADA system security.", "palavras_chave": "Cybersecurity; Data Analysis; Inteligência Artificial; IoT; Machine Learning em tempo real.", "areas": "Artificial Intelligence, Segurança Informática.", "tecnologias_usadas": "Deep learning, Machine Learning, Matlab, Matplotlib, Python, TensorFlow.", "pdf": "", "rating": 5}}, {"model": "portefolio_app.tfc", "pk": 22, "fields": {"titulo": "Simultaneous Wireless Information and Power Transfer", "alunos": "Vishalya Panchalinee Sooriarachchi", "orientador": "Jayakody Arachchilage Dushantha Nalin Kumara, Marko Beko", "ano": 2025, "licenciatura": "Não encontrado", "email": "a22211643@alunos.ulht.pt", "descricao": "The research focus on advancing the implementation and performance metrics of simultaneous wireless information and power transfer, by considering approaches to improve the duality of the system. Achieving maximum energy harvesting and reliable information decoding in various indoor and outdoor environments is stipulated. Also, the research expects to introduce suitable modulation techniques that would improve the overall performance of SWIPT.", "palavras_chave": "Simultaneous wireless information and power transfer; UnmannedAerialVehicle (UAV).", "areas": "Telecomunicações, Wireless communication.", "tecnologias_usadas": "Matlab.", "pdf": "", "rating": 5}}, {"model": "portefolio_app.tfc", "pk": 23, "fields": {"titulo": "Terrestrial-Underwater Wireless Communication Networks with Self-Energized UAVs Utilizing THz/VLC for Enhanced Connectivity", "alunos": "Hanojhan Rajahrajasingh", "orientador": "Jayakody Arachchilage Dushantha Nalin Kumara, Marko Beko", "ano": 2025, "licenciatura": "Não encontrado", "email": "hanojhansingh@gmail.com", "descricao": "This research proposes a sustainable, high-speed communication framework using UAV-assisted hybrid Terahertz (THz) and Visible Light Communication (VLC) technologies for integrated terrestrial and underwater wireless networks. Leveraging UAVs as mobile relays, the system overcomes distance and attenuation constraints of THz and VLC links, ensuring robust connectivity across air, surface, and submerged environments. A novel dual-color OOK modulation scheme is introduced to enhance transmission efficiency, particularly for underwater VLC links where range and scattering pose unique challenges. The project further incorporates Simultaneous Lightwave Information and Power Transfer (SLIPT) and nonlinear energy harvesting models to enable autonomous UAV and surface relay operations. Performance will be evaluated through analytical modeling and simulation, focusing on BER, outage probability, and energy optimization. This work addresses pressing challenges in environmental monitoring, oceanic exploration, and emergency communications, contributing to the development of next-generation sustainable, self-powered, and high-data-rate communication systems.", "palavras_chave": "Autonomous Underwater Vehicle (AUV); Drone; UnderwaterWireless Optical Communications(UWOC); UnmannedAerialVehicle (UAV).", "areas": "Wireless communication.", "tecnologias_usadas": "Matlab.", "pdf": "", "rating": 5}}, {"model": "portefolio_app.tfc", "pk": 24, "fields": {"titulo": "The Role of Presence in Fostering Empathy in Virtual Environments", "alunos": "Maria Costa", "orientador": "Micaela Fonseca, Phil Lopes", "ano": 2025, "licenciatura": "Não encontrado", "email": "f7957@ulusofona.pt", "descricao": "Virtual environments (VEs) are powerful tools, widely used in computer engineering, not just to engage users, but to transform how people learn, feel, and act. This technology offers a bold new way to foster empathy and drive pro-environmental behavior. Yet, one critical factor remains underexplored: the role of presence in shaping these emotional and behavioral outcomes. This project investigates how varying levels of presence in VEs affect empathy, focusing on sharks and marine conservation. In collaboration with marine biology experts for scientific accuracy, simulations will be created with different degrees of immersion by altering realism and interactivity levels (2D, 3D, Virtual Reality, Immersive Virtual Reality) By analyzing how these factors impact empathetic responses, the study aims to uncover key design principles. The results will help create experiences that encourage meaningful learning and inspire real-world change.", "palavras_chave": "Empatia; Presença; Realidade virtual; Simulação.", "areas": "Virtual Reality.", "tecnologias_usadas": "Unity.", "pdf": "", "rating": 5}}, {"model": "portefolio_app.tfc", "pk": 25, "fields": {"titulo": "Towards Autonomous and Trustworthy Vehicle Navigation in GNSS-denied Environments", "alunos": "Ricardo Serras Santos", "orientador": "João P. Matos-Carvalho, Marko Beko, Slaviša Tomić", "ano": 2025, "licenciatura": "Não encontrado", "email": "ricardo.santos@ulusofona.pt", "descricao": "Autonomous navigation of vehicles is a hot topic in the science community and is expected to be achieved in the near future. However, the majority of current commercial vehicles (terrestrial or aerial) depend mainly on satellite signals to estimate their position. Thus, in scenarios where these signals are unavailable, the vehicle may not be able to estimate its position, possibly resulting in severe accidents with high material cost and perhaps casualties. Thus, this research’s main objective is to go beyond the state-of-the-art (SotA) and develop algorithms capable of navigating vehicles in real-time in complex scenarios with high accuracy and trustworthiness. To do so, vehicles will be exploited as sensing platforms to maximize the acquired information about an environment of interest, resorting to both on-board sensing sources and (in)direct communication with other nearby vehicles and/or infrastructure.", "palavras_chave": "Autonomous Navigation.", "areas": "Artificial Intelligence.", "tecnologias_usadas": "C++, Machine Learning, Python.", "pdf": "", "rating": 5}}, {"model": "portefolio_app.tfc", "pk": 26, "fields": {"titulo": "Towards a Trustworthy Conversational AI for Cybersecurity: A Proposal for a Knowledge-Augmented Architecture", "alunos": "André Filipe Marques Costa", "orientador": "N/A", "ano": 2025, "licenciatura": "Não encontrado", "email": "afmcosta@gmail.com", "descricao": "Cybersecurity threats are increasingly frequent and complex, yet the average user and even IT professionals often lack timely and accurate guidance during an incident. General-purpose chatbots powered by large language models (LLMs) offer impressive general knowledge capabilities but fall short in providing domain-specific, contextual, and trustworthy responses during security events. This thesis proposes the development of a conversational AI system, specialized in cybersecurity, capable of offering real-time, actionable responses based on a validated and dynamic knowledge base. The system will integrate retrieval-augmented generation (RAG), expert-curated playbooks, and contextual inference to assist users in detecting, understanding, and mitigating cyber threats.", "palavras_chave": "Inteligência Artificial; LLM; Privacidade e segurança dos dados.", "areas": "Artificial Intelligence, Segurança Informática.", "tecnologias_usadas": "Python.", "pdf": "", "rating": 5}}, {"model": "portefolio_app.formacao", "pk": 1, "fields": {"titulo": "Karaté", "instituicao": "Dragon Spirit Dojo", "data_inicio": "2012-11-17", "data_fim": null, "descricao": "Pratico Karaté desde os 6 anos, atividade que me conferio e confere muitas competencias", "certificado": ""}}, {"model": "portefolio_app.formacao", "pk": 2, "fields": {"titulo": "ISCTE summer camp", "instituicao": "ISCTE Sintra", "data_inicio": "2024-06-01", "data_fim": "2024-06-06", "descricao": "Tive uma semana a fazer atividades e ouvir palestas sobre cursos e areas relacionadas com tecnologia", "certificado": ""}}, {"model": "portefolio_app.formacao", "pk": 3, "fields": {"titulo": "British Council Summer Camp", "instituicao": "British Council", "data_inicio": "2021-06-01", "data_fim": "2024-06-22", "descricao": "Fui presente em 3 semanas do summer camp do British Council onde tive de falar inglês 24/7, uma vez que tanto os professores, como a maioria dos alunos eram estrangeiros e só falavam inglês. A atividade era apenas de uma semana, mas no mesmo mês fiz 3 vezes, o que provocou um aumento enorme nas minhas capacidades comunicativas em inglês.", "certificado": ""}}, {"model": "portefolio_app.formacao", "pk": 4, "fields": {"titulo": "Aplicações Informaticas", "instituicao": "Escola Secundaria Santa Maria", "data_inicio": "2024-09-10", "data_fim": "2025-06-11", "descricao": "Fiz a cadeira de ensino secundario de aplicações informaticas. Foi a opção que escolhi como 12º ano e não me arrependo em nada. O professor Telmo foi quem suscitou o meu interesse pela area de informatica, aprendi a logica da programação, tendo começado em JavaScript e acabado em Lua. Acabei a cadeira com a nota maxima 20/20", "certificado": ""}}, {"model": "portefolio_app.formacao", "pk": 5, "fields": {"titulo": "Laboratorio de código", "instituicao": "Universidade lusofona", "data_inicio": "2025-10-16", "data_fim": null, "descricao": "Tive a opurtunidade de Ingressar no projeto pioneiro do professor Pedro Alves em que (por palavras minhas) o grande objetivo desta cadeira é abrir-nos os horizontes para o funcionamento e metodo de trabalho do mundo impresarial a nivel de manutenção de codigo. Esta cadeira obriga a desenvolver trabalho de equipa, a arte do desenrascanso e capacidades comunicativas", "certificado": ""}}, {"model": "portefolio_app.competencia", "pk": 1, "fields": {"nome": "Determinação", "descricao": "Considero-me uma pessoa determinada, não é ao minimo problema que vou a baixo. Precisto e continuo o meu caminho. Capacidade que desenvolvi principalmente no karaté, local onde tem que se aprender muita coisa, em curtos espaços de tempo e os erros são constantes. Penso que o tempo em que estou lá é a prova viva desta competencia", "nivel": 3, "projetos": [], "tecnologias": [], "formacoes": [1]}}, {"model": "portefolio_app.makingof", "pk": 1, "fields": {"titulo": "Entidades", "descricao": "Entidades do projeto", "data": "2026-04-09", "foto": "makingof/entidades.PNG", "entidade_relacionada": "Todas", "justificacao": "Tinha que ser feito", "erro_correcao": ""}}, {"model": "portefolio_app.makingof", "pk": 2, "fields": {"titulo": "Entidade escolhida", "descricao": "Escolhi a entidade Docente como entidade Extra", "data": "2026-04-09", "foto": "makingof/EntidadeEscolhida.PNG", "entidade_relacionada": "Docente", "justificacao": "Uma vez que cada unidade curricular é lecionada por pelo menos um professor achei pretinente adicionar a entidade de Docente", "erro_correcao": ""}}, {"model": "portefolio_app.makingof", "pk": 3, "fields": {"titulo": "Entidades do plural para o singular", "descricao": "Para respeitar as regras de modelação tive de passar as entidades do plural para o singular", "data": "2026-04-09", "foto": "makingof/EntidadesSingular.PNG", "entidade_relacionada": "Todas", "justificacao": "Para seguir as regras de modelação", "erro_correcao": "Passar as entidades do plural para o singular"}}, {"model": "portefolio_app.makingof", "pk": 4, "fields": {"titulo": "Atributos de Licenciatura", "descricao": "Os atributos da entidade Licenciatura", "data": "2026-04-09", "foto": "makingof/EntidadeLicenciatura.PNG", "entidade_relacionada": "Licenciatura", "justificacao": "", "erro_correcao": ""}}, {"model": "portefolio_app.makingof", "pk": 5, "fields": {"titulo": "Atributos de Projeto", "descricao": "Atrubutos da entidade Projeto", "data": "2026-04-09", "foto": "makingof/EntidadeProjeto.PNG", "entidade_relacionada": "Projeto", "justificacao": "", "erro_correcao": ""}}, {"model": "portefolio_app.makingof", "pk": 6, "fields": {"titulo": "Atributos de Tecnologia", "descricao": "Atributos da entidade Tecnologia", "data": "2026-04-09", "foto": "makingof/EntidadeTecnologia.PNG", "entidade_relacionada": "Tecnologia", "justificacao": "", "erro_correcao": ""}}, {"model": "portefolio_app.makingof", "pk": 7, "fields": {"titulo": "Atributos de TFC", "descricao": "Atributos da entidade TFC", "data": "2026-04-09", "foto": "makingof/EntidadeTFC.PNG", "entidade_relacionada": "TFC", "justificacao": "", "erro_correcao": ""}}, {"model": "portefolio_app.makingof", "pk": 8, "fields": {"titulo": "Atributos de Competencia", "descricao": "Atributos da entidade Competencia", "data": "2026-04-09", "foto": "makingof/EntidadeCompetencia.PNG", "entidade_relacionada": "Competencia", "justificacao": "", "erro_correcao": ""}}, {"model": "portefolio_app.makingof", "pk": 9, "fields": {"titulo": "Atributos de Formação", "descricao": "Atributos da entidade Formação", "data": "2026-04-09", "foto": "makingof/EntidadeFormacao.PNG", "entidade_relacionada": "Formação", "justificacao": "", "erro_correcao": ""}}, {"model": "portefolio_app.makingof", "pk": 10, "fields": {"titulo": "Atributos de MakingOf", "descricao": "Atributos da entidade MakingOf", "data": "2026-04-09", "foto": "makingof/EntidadeMakingOf.PNG", "entidade_relacionada": "MakingOf", "justificacao": "", "erro_correcao": ""}}, {"model": "portefolio_app.makingof", "pk": 11, "fields": {"titulo": "Atributos de Docente", "descricao": "Atributos da entidade Docente", "data": "2026-04-09", "foto": "makingof/EntidadeDocente.PNG", "entidade_relacionada": "Docente", "justificacao": "", "erro_correcao": ""}}, {"model": "portefolio_app.makingof", "pk": 12, "fields": {"titulo": "DER versão 1", "descricao": "Primeira versão do Diagrama Entidade-Relação do modelo", "data": "2026-04-09", "foto": "makingof/DERv1.PNG", "entidade_relacionada": "Todas", "justificacao": "", "erro_correcao": ""}}, {"model": "portefolio_app.makingof", "pk": 13, "fields": {"titulo": "Alteração: Tipagem", "descricao": "IntegerField -> PositiveIntegerField para ficar mais correto e claro", "data": "2026-04-10", "foto": "makingof/tipagem_bFrLFtU.PNG", "entidade_relacionada": "Todas", "justificacao": "Para ficar mais correto e claro", "erro_correcao": "IntegerField -> PositiveIntegerField"}}, {"model": "portefolio_app.makingof", "pk": 14, "fields": {"titulo": "Alteração: Formação", "descricao": "Alteração do tipo no atributo certificado da entidade Formação de URLField para FileField, porque não conhecia este tipo", "data": "2026-04-10", "foto": "makingof/formacao.PNG", "entidade_relacionada": "Formação", "justificacao": "Alteração do tipo no atributo certificado da entidade Formação de URLField para FileField", "erro_correcao": "Não conhecia este tipo"}}, {"model": "portefolio_app.makingof", "pk": 15, "fields": {"titulo": "Alteração: MakingOf", "descricao": "Alterei o Atributo justificação da entidade MakingOf de CharField para TextField", "data": "2026-04-10", "foto": "makingof/makingof.PNG", "entidade_relacionada": "MakingOf", "justificacao": "A justificação pode ser grande e é o tipo mais adecuado ao atributo", "erro_correcao": "CharField -> TextField"}}, {"model": "portefolio_app.makingof", "pk": 16, "fields": {"titulo": "DER versão 2", "descricao": "Melhoria do DER", "data": "2026-04-11", "foto": "makingof/pagina7.jpeg", "entidade_relacionada": "Todas", "justificacao": "", "erro_correcao": "DER mostrar atributos e as suas relações"}}, {"model": "artigos.artigo", "pk": 1, "fields": {"titulo": "Um gah memo", "texto": "As vezes um gah, forazz... um gah memo :(", "fotografia": "artigos/faculdade.gif", "link_externo": null, "data_criacao": "2026-05-19T08:21:06.320Z", "autor": 1, "likes_anonimos": 0, "likes": [1, 2]}}, {"model": "artigos.comentario", "pk": 1, "fields": {"artigo": 1, "autor": 1, "texto": "Foraz um ga memo G", "data_criacao": "2026-05-19T08:21:58.873Z"}}, {"model": "artigos.comentario", "pk": 2, "fields": {"artigo": 1, "autor": 1, "texto": "ya mano um gah", "data_criacao": "2026-05-19T08:33:23.732Z"}}, {"model": "artigos.rating", "pk": 1, "fields": {"artigo": 1, "valor": 5, "user": 1, "session_key": null}}, {"model": "artigos.rating", "pk": 2, "fields": {"artigo": 1, "valor": 5, "user": 2, "session_key": null}}]
